<application>
  <component name="PyTestFrameworkService">
    <option name="SDK_TO_PYTEST">
      <map>
        <entry key="C:\ProgramData\Anaconda3\python.exe" value="true" />
        <entry key="C:\Python27\python.exe" value="false" />
      </map>
    </option>
    <option name="SDK_TO_NOSETEST">
      <map>
        <entry key="C:\ProgramData\Anaconda3\python.exe" value="true" />
        <entry key="C:\Python27\python.exe" value="false" />
      </map>
    </option>
    <option name="SDK_TO_TRIALTEST">
      <map>
        <entry key="C:\Python27\python.exe" value="false" />
      </map>
    </option>
  </component>
</application>